"file","header","type","fid","unitId","unitName","bandTop","bandBottom","note"
"Screenshot_20260712_205807_WH 40K.jpg","SOROR...","cover","AS","","","368","944","vision"
"Screenshot_20260712_205811_WH 40K.jpg","AND Q","unit","AS","000002480","Aestred Thurga And Agathae Dolan","368","2784","vision"
"Screenshot_20260712_205814_WH 40K.jpg","ARCO-FLAGELLANTS","unit","AS","000000896","Arco-flagellants","368","2784",""
"Screenshot_20260712_205818_WH 40K.jpg","BATTLE SISTERS saun","unit","AS","000000903","Battle Sisters Squad","368","2784","fuzzy rel=0.11"
"Screenshot_20260712_205821_WH 40K.jpg","ANONESS","unit","AS","000000899","Canoness","368","2784","fuzzy rel=0.12"
"Screenshot_20260712_205824_WH 40K.jpg","ANONESS JUMP...","unit","AS","000000899","Canoness","368","2784","fuzzy rel=0.25"
"Screenshot_20260712_205828_WH 40K.jpg","ASTIGATOR","unit","AS","000002484","Castigator","368","2784","fuzzy rel=0.1"
"Screenshot_20260712_205831_WH 40K.jpg","ELESTIN INSIDIANTS","unit","AS","000004189","Celestian Insidiants","368","2784","fuzzy rel=0.1"
"Screenshot_20260712_205835_WH 40K.jpg","ELESTIN SACRESANTS","unit","AS","000002481","Celestian Sacresants","368","2784","fuzzy rel=0.1"
"Screenshot_20260712_205838_WH 40K.jpg","DAEMONIFUGE","unit","AS","000002771","Daemonifuge","368","2784",""
"Screenshot_20260712_205842_WH 40K.jpg","DIALOGUS","unit","AS","000000902","Dialogus","368","2784",""
"Screenshot_20260712_205846_WH 40K.jpg","DOGMATA","unit","AS","000002482","Dogmata","368","2784",""
"Screenshot_20260712_205849_WH 40K.jpg","DOMINION SQUAD","unit","AS","000000909","Dominion Squad","368","2784",""
"Screenshot_20260712_205853_WH 40K.jpg","EXORCIST","unit","AS","000000912","Exorcist","368","2784",""
"Screenshot_20260712_205857_WH 40K.jpg","HOSPITALLER","unit","AS","000000901","Hospitaller","368","2784",""
"Screenshot_20260712_205902_WH 40K.jpg","IMAGIFIER","unit","AS","000000900","Imagifier","368","2784",""
"Screenshot_20260712_205905_WH 40K.jpg","IMMOLATOR","unit","AS","000000911","Immolator","368","2784",""
"Screenshot_20260712_205908_WH 40K.jpg","","unit","AS","000002064","Junith Eruita","368","2784","vision"
"Screenshot_20260712_205912_WH 40K.jpg","","named","AS","","Intranzia Fraye","368","2784","vision (not in dataset)"
"Screenshot_20260712_205916_WH 40K.jpg","MINISTORUM PRIEST","unit","AM","000001394","Ministorum Priest","368","2784",""
"Screenshot_20260712_205920_WH 40K.jpg","MORTIFIERS","unit","AS","000002067","Mortifiers","368","2784",""
"Screenshot_20260712_205924_WH 40K.jpg","MORVENN VAHL","unit","AS","000002479","Morvenn Vahl","368","2784",""
"Screenshot_20260712_205928_WH 40K.jpg","PALATINE","unit","AS","000002472","Palatine","368","2784",""
"Screenshot_20260712_205939_WH 40K.jpg","PARAGON wnsurs","unit","AS","000002483","Paragon Warsuits","368","2784","fuzzy rel=0.25"
"Screenshot_20260712_205945_WH 40K.jpg","PENITENT ENGINES","unit","AS","000000897","Penitent Engines","368","2784",""
"Screenshot_20260712_205949_WH 40K.jpg","SQUAD","unit","SM","000000116","Bike Squad","368","2784","fuzzy rel=0"
"Screenshot_20260712_205953_WH 40K.jpg","SQUAD","unit","SM","000000116","Bike Squad","368","2784","fuzzy rel=0"
"Screenshot_20260712_205956_WH 40K.jpg","SAINT CELESTINE","unit","AS","000000898","Saint Celestine","368","2784",""
"Screenshot_20260712_205959_WH 40K.jpg","SANCTIFIERS","unit","AoI","000004074","Sanctifiers","368","1088",""
"Screenshot_20260712_210003_WH 40K.jpg","SERAPHIM saun","unit","AS","000000904","Seraphim Squad","368","2784","fuzzy rel=0.15"
"Screenshot_20260712_210007_WH 40K.jpg","SISTERS NOVITIATE SO...","unit","AS","000002507","Sisters Novitiate Squad","368","2784","fuzzy rel=0.05"
"Screenshot_20260712_210016_WH 40K.jpg","SORORITAS RHINO","unit","AS","000000910","Sororitas Rhino","368","2784",""
"Screenshot_20260712_210020_WH 40K.jpg","TRIUMPH OF SAINT UT... Q","unit","AS","000002063","Triumph Of Saint Katherine","368","2784","fuzzy rel=0.11"
"Screenshot_20260712_210024_WH 40K.jpg","SQUAD","unit","SM","000000116","Bike Squad","368","2784","fuzzy rel=0"
"Screenshot_20260712_210519_WH 40K.jpg","ADEPTUS CUSTODES","cover","AC","","","384","896",""
"Screenshot_20260712_210524_WH 40K.jpg","ALEYA","unit","AC","000002088","Aleya","368","1088",""
"Screenshot_20260712_210528_WH 40K.jpg","USTODIANS Q","unit","AC","000001453","Allarus Custodians","368","1088","fuzzy rel=0"
"Screenshot_20260712_210531_WH 40K.jpg","ANATHEMA Q","unit","AC","000002524","Anathema Psykana Rhino","368","1088","fuzzy rel=0"
"Screenshot_20260712_210535_WH 40K.jpg","BLADE CHAMPION","unit","AC","000002518","Blade Champion","368","1088",""
"Screenshot_20260712_210539_WH 40K.jpg","USTODIAN Gunn","unit","AC","000000882","Custodian Guard","368","1088","fuzzy rel=0.23"
"Screenshot_20260712_210546_WH 40K.jpg","USTODIAN WARDENS","unit","AC","000001450","Custodian Wardens","368","1088","fuzzy rel=0.06"
"Screenshot_20260712_210550_WH 40K.jpg","KNIGHT-CENTURA","unit","AC","000002520","Knight-centura","368","1088",""
"Screenshot_20260712_210553_WH 40K.jpg","PROSECUTORS","unit","AC","000002521","Prosecutors","368","1088",""
"Screenshot_20260712_210557_WH 40K.jpg","SHIELD-CAPTAIN","unit","AC","000001447","Shield-captain","368","1088",""
"Screenshot_20260712_210601_WH 40K.jpg","SHIELD-CAPTAIN IN AL... Q","unit","AC","000001447","Shield-captain","368","1088",""
"Screenshot_20260712_210605_WH 40K.jpg","SHIELD-CAPTAIN 0N DA... Q","unit","AC","000001447","Shield-captain","368","1088",""
"Screenshot_20260712_210609_WH 40K.jpg","VALORIS","unit","AC","000001446","Trajann Valoris","368","1088","fuzzy2 rel=0"
"Screenshot_20260712_210613_WH 40K.jpg","VALERIAN","unit","AC","000002519","Valerian","368","1088",""
"Screenshot_20260712_210616_WH 40K.jpg","VENERABLE CONTEMPT... Q","unit","AC","000000883","Venerable Contemptor Dreadnought","368","1088","fuzzy rel=0"
"Screenshot_20260712_210621_WH 40K.jpg","VENERABLE LAND RAIDER Q","unit","AC","000000884","Venerable Land Raider","368","1088",""
"Screenshot_20260712_210630_WH 40K.jpg","VERTUS PRAETORS","unit","AC","000001454","Vertus Praetors","368","1088",""
"Screenshot_20260712_210633_WH 40K.jpg","VIGILATORS","unit","AC","000002522","Vigilators","368","1088",""
"Screenshot_20260712_210635_WH 40K.jpg","WITCHSEEKERS","unit","AC","000002523","Witchseekers","368","1088",""
"Screenshot_20260712_210654_WH 40K.jpg","ADEPTUS MECK... Q","cover","AC","","","368","880",""
"Screenshot_20260712_210657_WH 40K.jpg","ARCHAEOPTER FUSILAVE","unit","AdM","000002087","Archaeopter Fusilave","368","2784","outside context AC"
"Screenshot_20260712_210700_WH 40K.jpg","STRATO...","unit","AdM","000002086","Archaeopter Stratoraptor","368","2784","vision"
"Screenshot_20260712_210703_WH 40K.jpg","TRANSV... Q","unit","AdM","000002085","Archaeopter Transvector","368","2784","vision"
"Screenshot_20260712_210710_WH 40K.jpg","BELISARIUS CAWL","unit","AdM","000000838","Belisarius Cawl","368","2784","outside context AC"
"Screenshot_20260712_210714_WH 40K.jpg","ORPUSCARII ELECTRO-... Q","unit","AdM","000000844","Corpuscarii Electro-priests","368","2784","fuzzy rel=0.11"
"Screenshot_20260712_210718_WH 40K.jpg","DATASMI... Q","unit","AdM","000000846","Cybernetica Datasmith","368","2784","vision"
"Screenshot_20260712_210722_WH 40K.jpg","FULGURITE ELECTRO-PR... Q","unit","AdM","000000843","Fulgurite Electro-priests","368","2784","fuzzy rel=0"
"Screenshot_20260712_210727_WH 40K.jpg","EXTERMINAT...","unit","AdM","000004211","Hastarii Exterminators","368","2784","vision"
"Screenshot_20260712_210729_WH 40K.jpg","FUSILIERS","unit","AdM","000004212","Hastarii Fusiliers","368","2784","fuzzy2 rel=0"
"Screenshot_20260712_210732_WH 40K.jpg","IRONSTRIDER BALLISTA...","unit","AdM","000000852","Ironstrider Ballistarii","368","2784","outside context AC"
"Screenshot_20260712_210740_WH 40K.jpg","ROBOTS","unit","AdM","000000845","Kastelan Robots","368","2784","fuzzy2 rel=0"
"Screenshot_20260712_210743_WH 40K.jpg","BREACHERS Q","unit","TAU","000000412","Breacher Team","368","2784","fuzzy rel=0.11"
"Screenshot_20260712_210746_WH 40K.jpg","DESTROYERS Q","unit","NEC","000002110","Skorpekh Destroyers","368","2784","fuzzy rel=0"
"Screenshot_20260712_210750_WH 40K.jpg","DUNECRAWLER","unit","AdM","000000854","Onager Dunecrawler","368","2784","fuzzy2 rel=0"
"Screenshot_20260712_210755_WH 40K.jpg","","unit","AdM","000002084","Pteraxii Skystalkers","368","2784","vision"
"Screenshot_20260712_210759_WH 40K.jpg","","unit","AdM","000002083","Pteraxii Sterylizors","368","2784","vision"
"Screenshot_20260712_210804_WH 40K.jpg","SERBERYS RAIDERS","unit","AdM","000002082","Serberys Raiders","368","2784","outside context AC"
"Screenshot_20260712_210807_WH 40K.jpg","SULPHURHO...","unit","AdM","000002081","Serberys Sulphurhounds","368","2784","vision"
"Screenshot_20260712_210810_WH 40K.jpg","SERVITOR Q","unit","AdM","000000847","Servitors","368","1280","fuzzy rel=0"
"Screenshot_20260712_210813_WH 40K.jpg","INFILTRATORS","unit","SM","000000128","Infiltrator Squad","368","2784","fuzzy rel=0.08"
"Screenshot_20260712_210817_WH 40K.jpg","RUSTSTALKERS Q","unit","SM","000002258","Stalker","368","2784","fuzzy rel=0"
"Screenshot_20260712_210828_WH 40K.jpg","SKITARII MARSHAL","unit","QI","000003841","Skitarii Marshal","368","2784","outside context AC"
"Screenshot_20260712_210831_WH 40K.jpg","SKITARII RANGERS","unit","QI","000003842","Skitarii Rangers","368","2784","outside context AC"
"Screenshot_20260712_210835_WH 40K.jpg","VANGUARD","unit","SM","000001154","Vanguard Veteran Squad","368","2784","outside context AC"
"Screenshot_20260712_210838_WH 40K.jpg","SKORPIUS DISINTEGRAT... Q","unit","AdM","000001651","Skorpius Disintegrator","368","2784","fuzzy rel=0"
"Screenshot_20260712_210842_WH 40K.jpg","SKORPIUS DUNERIDER","unit","AdM","000001650","Skorpius Dunerider","368","2784","outside context AC"
"Screenshot_20260712_210846_WH 40K.jpg","SYDONIAN DRAGOONS","unit","AdM","000000853","Sydonian Dragoons With Taser Lances","368","2784","outside context AC"
"Screenshot_20260712_210850_WH 40K.jpg","SYDONIAN DRAGOONS","unit","AdM","000000853","Sydonian Dragoons With Taser Lances","368","2784","outside context AC"
"Screenshot_20260712_210853_WH 40K.jpg","SYDONIAN SUTROS","unit","AdM","000003695","Sydonian Skatros","368","2784","fuzzy rel=0.12"
"Screenshot_20260712_210856_WH 40K.jpg","TECHNOARCHEOLOGIST","unit","AdM","000002477","Technoarcheologist","368","2784","outside context AC"
"Screenshot_20260712_210913_WH 40K.jpg","TECH-PRIEST DOMINUS Q","unit","QI","000003839","Tech-priest Dominus","368","2784","outside context AC"
"Screenshot_20260712_210917_WH 40K.jpg","TECH-PRIEST Q","unit","QI","000003839","Tech-priest Dominus","368","2784","fuzzy rel=0"
"Screenshot_20260712_210921_WH 40K.jpg","TECH-PRIEST Q","unit","QI","000003839","Tech-priest Dominus","368","2784","fuzzy rel=0"
"Screenshot_20260712_210924_WH 40K.jpg","","named","AdM","","Thulia Ghuld","368","2784","vision (not in dataset)"
"Screenshot_20260712_210942_WH 40K.jpg","","cover","AE","","","368","928","vision"
"Screenshot_20260712_210947_WH 40K.jpg","ASURMEN","unit","AE","000000571","Asurmen","368","2784","outside context AC"
"Screenshot_20260712_210950_WH 40K.jpg","AUTARCH","unit","AE","000000577","Autarch","368","2784","outside context AC"
"Screenshot_20260712_210952_WH 40K.jpg","AUTARCH","unit","AE","000000577","Autarch","368","2784","outside context AC"
"Screenshot_20260712_210955_WH 40K.jpg","","unit","AE","000000581","Avatar of Khaine","368","2784","vision"
"Screenshot_20260712_211000_WH 40K.jpg","","unit","AE","000000575","Baharroth","368","2784","vision"
"Screenshot_20260712_211003_WH 40K.jpg","ORSAIR SKYREAVERS","unit","AE","000004196","Corsair Skyreavers","368","2784","fuzzy rel=0.06"
"Screenshot_20260712_211006_WH 40K.jpg","ORSAIR VOIDREAVERS","unit","AE","000002531","Corsair Voidreavers","368","2784","fuzzy rel=0.05"
"Screenshot_20260712_211009_WH 40K.jpg","ORSAIR VOIDREAVERS","unit","AE","000002531","Corsair Voidreavers","368","2784","fuzzy rel=0.05"
"Screenshot_20260712_211012_WH 40K.jpg","ORSAIR VOIDSCARRED Q","unit","AE","000002532","Corsair Voidscarred","368","2784","fuzzy rel=0.05"
"Screenshot_20260712_211017_WH 40K.jpg","ORSAIR VOIDREAVERS","unit","AE","000002531","Corsair Voidreavers","368","2784","fuzzy rel=0.05"
"Screenshot_20260712_211021_WH 40K.jpg","ORSAIR VOIDSCARRED Q","unit","AE","000002532","Corsair Voidscarred","368","2784","fuzzy rel=0.05"
"Screenshot_20260712_211025_WH 40K.jpg","RIMSON HUNTER","unit","AE","000000619","Warp Hunter","368","2784","fuzzy rel=0"
"Screenshot_20260712_211028_WH 40K.jpg","D-CANNON PLATFORM","unit","AE","000003910","D-cannon Platform","368","2784","outside context AC"
"Screenshot_20260712_211031_WH 40K.jpg","DARK REAPERS","unit","AE","000000607","Dark Reapers","368","2784","outside context AC"
"Screenshot_20260712_211035_WH 40K.jpg","DEATH JESTER","unit","DRU","000004158","Death Jester","368","2784","outside context AC"
"Screenshot_20260712_211038_WH 40K.jpg","DIRE AVENGERS","unit","AE","000000593","Dire Avengers","368","2784","outside context AC"
"Screenshot_20260712_211041_WH 40K.jpg","","unit","AE","000000568","Eldrad Ulthran","368","2784","vision"
"Screenshot_20260712_211045_WH 40K.jpg","FALCON","unit","AE","000000609","Falcon","368","2784","outside context AC"
"Screenshot_20260712_211048_WH 40K.jpg","FARSEER","unit","AE","000000582","Farseer","368","2784","outside context AC"
"Screenshot_20260712_211145_WH 40K.jpg","","unit","AE","000000583","Farseer Skyrunner","368","2784","vision"
"Screenshot_20260712_211249_WH 40K.jpg","","unit","AE","000000583","Farseer Skyrunner","368","2784","vision"
"Screenshot_20260712_211252_WH 40K.jpg","FIRE DRAGONS","unit","AE","000000596","Fire Dragons","368","2784","outside context AC"
"Screenshot_20260712_211255_WH 40K.jpg","FIRE PRISM","unit","AE","000000610","Fire Prism","368","2784","outside context AC"
"Screenshot_20260712_211258_WH 40K.jpg","FUEGAN","unit","AE","000000574","Fuegan","368","2784","outside context AC"
"Screenshot_20260712_211301_WH 40K.jpg","GUARDIAN DEFENDERS","unit","AE","000000589","Guardian Defenders","368","2784","outside context AC"
"Screenshot_20260712_211305_WH 40K.jpg","HEMLOCK WRAITHFIGH...","unit","AE","000000606","Hemlock Wraithfighter","368","2784","outside context AC"
"Screenshot_20260712_211309_WH 40K.jpg","HOWLING BANSHEES","unit","AE","000000594","Howling Banshees","368","2784","outside context AC"
"Screenshot_20260712_211312_WH 40K.jpg","JAIN ZAR","unit","AE","000000572","Jain Zar","368","2784","outside context AC"
"Screenshot_20260712_211315_WH 40K.jpg","KHARSETH","unit","DRU","000004197","Kharseth","368","2784","outside context AC"
"Screenshot_20260712_211318_WH 40K.jpg","","named","AE","","Lhykhis","368","2784","vision (not in dataset)"
"Screenshot_20260712_211322_WH 40K.jpg","","unit","AE","000000576","Maugan Ra","368","2784","vision"
"Screenshot_20260712_211325_WH 40K.jpg","NIGHT SPINNER","unit","AE","000000611","Night Spinner","368","2784","outside context AC"
"Screenshot_20260712_211331_WH 40K.jpg","PRINCE","unit","DRU","000004198","Prince Yriel","368","2784","outside context AC"
"Screenshot_20260712_211338_WH 40K.jpg","RANGERS","unit","AE","000000592","Rangers","368","2784","outside context AC"
"Screenshot_20260712_211341_WH 40K.jpg","sunw WEAVER PLAT... Q","unit","AE","000003911","Shadow Weaver Platform","368","2784","vision"
"Screenshot_20260712_211345_WH 40K.jpg","SHADOWSEER","unit","DRU","000004159","Shadowseer","368","2784","outside context AC"
"Screenshot_20260712_211350_WH 40K.jpg","SHINING SPEARS","unit","AE","000000602","Shining Spears","368","2784","outside context AC"
"Screenshot_20260712_211353_WH 40K.jpg","SHROUD RUNNERS","unit","AE","000002533","Shroud Runners","368","2784","outside context AC"
"Screenshot_20260712_211358_WH 40K.jpg","SKYWEAVERS","unit","DRU","000004163","Skyweavers","368","2784","outside context AC"
"Screenshot_20260712_211401_WH 40K.jpg","SOLITAIRE","unit","DRU","000004160","Solitaire","368","2784","outside context AC"
"Screenshot_20260712_211405_WH 40K.jpg","SPIRITSEER","unit","AE","000000588","Spiritseer","368","2784","outside context AC"
"Screenshot_20260712_211408_WH 40K.jpg","STARFANGS","unit","DRU","000004200","Starfangs","368","2784","outside context AC"
"Screenshot_20260712_211410_WH 40K.jpg","STARWEAVER","unit","DRU","000004162","Starweaver","368","2784","outside context AC"
"Screenshot_20260712_211414_WH 40K.jpg","STORM","unit","ORK","000000027","Stormboyz","368","2784","outside context AC"
"Screenshot_20260712_211417_WH 40K.jpg","STRIKING SCORPIONS","unit","AE","000000595","Striking Scorpions","368","2784","outside context AC"
"Screenshot_20260712_211421_WH 40K.jpg","SWOOPING HAWKS","unit","AE","000000600","Swooping Hawks","368","2784","outside context AC"
"Screenshot_20260712_211424_WH 40K.jpg","THE usncH","unit","AE","000002543","The Visarch","368","2784","vision"
"Screenshot_20260712_211427_WH 40K.jpg","THE","unit","AE","000002544","The Yncarne","368","2784","vision"
"Screenshot_20260712_211430_WH 40K.jpg","TROUPE","unit","DRU","000004164","Troupe","368","2784","outside context AC"
"Screenshot_20260712_211444_WH 40K.jpg","TROUPE MASTER","unit","DRU","000004161","Troupe Master","368","2784","outside context AC"
"Screenshot_20260712_211449_WH 40K.jpg","uno CANNON PLATFO...","unit","AE","000003910","D-cannon Platform","368","2784","fuzzy rel=0.24"
"Screenshot_20260712_211452_WH 40K.jpg","VYPER","unit","AE","000000605","Vypers","368","2784","outside context AC"
"Screenshot_20260712_211456_WH 40K.jpg","wn WALKERS","unit","AE","000000612","War Walkers","368","2784","fuzzy rel=0.18"
"Screenshot_20260712_211502_WH 40K.jpg","wn WALKERS","unit","AE","000000612","War Walkers","368","2784","fuzzy rel=0.18"
"Screenshot_20260712_211505_WH 40K.jpg","WARLOCK","unit","AE","000000585","Warlock","368","2784","outside context AC"
"Screenshot_20260712_211508_WH 40K.jpg","WARLOCK CONCLAVE","unit","AE","000000584","Warlock Conclave","368","2784","outside context AC"
"Screenshot_20260712_211511_WH 40K.jpg","WARLOCK","unit","AE","000000585","Warlock","368","2784","outside context AC"
"Screenshot_20260712_211517_WH 40K.jpg","wnvE SERPENT","unit","AE","000000599","Wave Serpent","368","2784","fuzzy rel=0"
"Screenshot_20260712_211522_WH 40K.jpg","wnp SPIDERS","unit","AE","000000601","Warp Spiders","368","2784","fuzzy rel=0"
"Screenshot_20260712_211527_WH 40K.jpg","WINDRIDERS","unit","AE","000000591","Windriders","368","2784","outside context AC"
"Screenshot_20260712_211530_WH 40K.jpg","WRAITHBLADES","unit","AE","000000598","Wraithblades","368","2784","outside context AC"
"Screenshot_20260712_211534_WH 40K.jpg","WRAITHGUARD","unit","AE","000000597","Wraithguard","368","2784","outside context AC"
"Screenshot_20260712_211537_WH 40K.jpg","WRAITHKNIGHT","unit","AE","000000614","Wraithknight","368","2784","outside context AC"
"Screenshot_20260712_211542_WH 40K.jpg","","unit","AE","000000614","Wraithknight","368","2784","vision"
"Screenshot_20260712_211546_WH 40K.jpg","WRAITHLORD","unit","AE","000000613","Wraithlord","368","2784","outside context AC"
"Screenshot_20260712_211549_WH 40K.jpg","ARCHON","unit","DRU","000000634","Archon","368","2784","outside context AC"
"Screenshot_20260712_211552_WH 40K.jpg","INCUBI","unit","DRU","000000648","Incubi","368","2784","outside context AC"
"Screenshot_20260712_211555_WH 40K.jpg","","named","AE","","Ynnari Kabalite Warriors","368","2784","vision (not in dataset)"
"Screenshot_20260712_211558_WH 40K.jpg","RAIDER","unit","DRU","000000656","Raider","368","2784","outside context AC"
"Screenshot_20260712_211601_WH 40K.jpg","REAVERS","unit","DRU","000000658","Reavers","368","2784","outside context AC"
"Screenshot_20260712_211604_WH 40K.jpg","SUCCUBUS","unit","DRU","000000639","Succubus","368","2784","outside context AC"
"Screenshot_20260712_211607_WH 40K.jpg","VENOM","unit","DRU","000000657","Venom","368","2784","outside context AC"
"Screenshot_20260712_211610_WH 40K.jpg","WYCHES","unit","DRU","000000646","Wyches","368","2784","outside context AC"
"Screenshot_20260712_211613_WH 40K.jpg","YVRAINE","unit","AE","000002542","Yvraine","368","2784","outside context AC"
"Screenshot_20260712_211948_WH 40K.jpg","ODEX: ASTRA MILITAR.„ Q","cover","AM","","","384","400","fuzzy"
"Screenshot_20260712_211951_WH 40K.jpg","AEGIS DEFENCE LINE","unit","AM","000002619","Aegis Defence Line","368","2784","outside context AC"
"Screenshot_20260712_211954_WH 40K.jpg","ARMOURED SENTINELS","unit","AM","000000691","Armoured Sentinels","368","2784","outside context AC"
"Screenshot_20260712_211957_WH 40K.jpg","ARTILLERY TEAM","unit","AM","000003896","Artillery Team","368","2784","outside context AC"
"Screenshot_20260712_212001_WH 40K.jpg","ROUGH RIDERS","unit","AM","000002616","Attilan Rough Riders","368","2784","fuzzy rel=0"
"Screenshot_20260712_212004_WH 40K.jpg","BANEBLADE","unit","AM","000000702","Baneblade","368","2784","outside context AC"
"Screenshot_20260712_212017_WH 40K.jpg","BANESWORD","unit","AM","000000704","Banesword","368","2784","outside context AC"
"Screenshot_20260712_212020_WH 40K.jpg","BANEHAMMER","unit","AM","000000703","Banehammer","368","2784","outside context AC"
"Screenshot_20260712_212024_WH 40K.jpg","BASILISK","unit","AM","000000695","Basilisk","368","2784","outside context AC"
"Screenshot_20260712_212027_WH 40K.jpg","SQUAD","unit","SM","000000116","Bike Squad","368","2784","fuzzy rel=0"
"Screenshot_20260712_212030_WH 40K.jpg","ASTELLAN","unit","AM","000002607","Cadian Castellan","368","2784","vision"
"Screenshot_20260712_212033_WH 40K.jpg","OMMAND SUI... Q","unit","AM","000002609","Cadian Command Squad","368","2784","vision"
"Screenshot_20260712_212036_WH 40K.jpg","HEAVY WEAPO...","unit","AM","000000686","Cadian Heavy Weapons Squad","368","2784","vision"
"Screenshot_20260712_212041_WH 40K.jpg","RECON SQUAD","named","AM","","Cadian Recon Squad","368","2784","vision (not in dataset)"
"Screenshot_20260712_212047_WH 40K.jpg","SHOCK TROOPS","unit","AM","000002612","Cadian Shock Troops","368","2784","vision"
"Screenshot_20260712_212050_WH 40K.jpg","OMMAND Q","unit","AM","000003891","Catachan Command Squad","368","2784","vision"
"Screenshot_20260712_212054_WH 40K.jpg","HEAVY WEI...","unit","AM","000003894","Catachan Heavy Weapons Squad","368","2784","vision"
"Screenshot_20260712_212057_WH 40K.jpg","JUNGLE FIG...","unit","AM","000002614","Catachan Jungle Fighters","368","2784","vision"
"Screenshot_20260712_212100_WH 40K.jpg","ENTAUR","unit","AM","000004220","Centaur RSV","368","2784","vision"
"Screenshot_20260712_212103_WH 40K.jpg","HIMERA","unit","AM","000000692","Chimera","368","2784","vision"
"Screenshot_20260712_212107_WH 40K.jpg","OMMISSAR","unit","AM","000000716","Commissar","368","2784","fuzzy rel=0.11"
"Screenshot_20260712_212110_WH 40K.jpg","OMMISSAR GRAVES","unit","AM","000004217","Commissar Graves","368","2784","fuzzy rel=0.06"
"Screenshot_20260712_212117_WH 40K.jpg","OMMISSAR GRAVES O...","unit","AM","000004217","Commissar Graves","368","2784","fuzzy rel=0.06"
"Screenshot_20260712_212126_WH 40K.jpg","OMMISSAR","unit","AM","000000716","Commissar","368","2784","fuzzy rel=0.11"
"Screenshot_20260712_212129_WH 40K.jpg","DEATH KORPS OF KRIEG","unit","AM","000002613","Death Korps Of Krieg","368","2784","outside context AC"
"Screenshot_20260712_212137_WH 40K.jpg","DEATH RIDERS","unit","AM","000003898","Death Riders","368","2784","outside context AC"
"Screenshot_20260712_212140_WH 40K.jpg","DEATHSTRIKE","unit","AM","000000699","Deathstrike","368","2784","outside context AC"
"Screenshot_20260712_212142_WH 40K.jpg","DOOMHAMMER","unit","AM","000000705","Doomhammer","368","2784","outside context AC"
"Screenshot_20260712_212146_WH 40K.jpg","FIELD ORDNANCE BATT... Q","unit","AM","000003897","Field Ordnance Battery","368","2784","fuzzy rel=0"
"Screenshot_20260712_212149_WH 40K.jpg","GAUNT'S GHosrs","unit","AM","000002485","Gaunt’s Ghosts","368","2784","fuzzy rel=0"
"Screenshot_20260712_212152_WH 40K.jpg","HELLHAMMER","unit","AM","000000706","Hellhammer","368","2784","outside context AC"
"Screenshot_20260712_212155_WH 40K.jpg","HELLHOUND","unit","AM","000000694","Hellhound","368","2784","outside context AC"
"Screenshot_20260712_212158_WH 40K.jpg","HIPPOGRIFF","unit","AM","000004219","Hippogriff AFV","368","2784","outside context AC"
"Screenshot_20260712_212203_WH 40K.jpg","HIPPOGRIFF","unit","AM","000004219","Hippogriff AFV","368","2784","outside context AC"
"Screenshot_20260712_212206_WH 40K.jpg","HYDRA","unit","AM","000000696","Hydra","368","2784","outside context AC"
"Screenshot_20260712_212211_WH 40K.jpg","KASRKIN","unit","AM","000002615","Kasrkin","368","2784","outside context AC"
"Screenshot_20260712_212215_WH 40K.jpg","KRIEG coMBAT ENGINE...","unit","AM","000003893","Krieg Combat Engineers","368","2784","outside context AC"
"Screenshot_20260712_212218_WH 40K.jpg","KRIEG COMMAND SQUAD","unit","AM","000003889","Krieg Command Squad","368","2784","outside context AC"
"Screenshot_20260712_212223_WH 40K.jpg","KRIEG HEAVY WEAPONS... Q","unit","AM","000003895","Krieg Heavy Weapons Squad","368","2784","fuzzy rel=0"
"Screenshot_20260712_212228_WH 40K.jpg","LEMAN RUSS BATTLE","unit","AM","000000700","Leman Russ Battle Tank","368","2784","outside context AC"
"Screenshot_20260712_212238_WH 40K.jpg","LEMAN RUSS COMM""... Q","unit","AM","000000680","Leman Russ Commander","368","2784","fuzzy rel=0"
"Screenshot_20260712_212242_WH 40K.jpg","LEMAN RUSS DEMOLIS... Q","unit","AM","000000701","Leman Russ Demolisher","368","2784","fuzzy rel=0"
"Screenshot_20260712_212246_WH 40K.jpg","LEMAN RUSS ERADICAT... Q","unit","AM","000002741","Leman Russ Eradicator","368","2784","fuzzy rel=0"
"Screenshot_20260712_212252_WH 40K.jpg","LEMAN RUSS EXECUTIO...","unit","AM","000002742","Leman Russ Executioner","368","2784","outside context AC"
"Screenshot_20260712_212256_WH 40K.jpg","LEMAN RUSS EKTERMI...","unit","AM","000002743","Leman Russ Exterminator","368","2784","fuzzy rel=0.06"
"Screenshot_20260712_212300_WH 40K.jpg","LEMAN RUSS PUNISHER","unit","AM","000002744","Leman Russ Punisher","368","2784","outside context AC"
"Screenshot_20260712_212306_WH 40K.jpg","LEMAN RUSS Q","unit","AM","000000680","Leman Russ Commander","368","2784","fuzzy rel=0"
"Screenshot_20260712_212309_WH 40K.jpg","LORD MARSHAL DREIR","unit","AM","000003890","Lord Marshal Dreir","368","2784","outside context AC"
"Screenshot_20260712_212312_WH 40K.jpg","LORD SOLAR LEONTUS","unit","AM","000002605","Lord Solar Leontus","368","2784","outside context AC"
"Screenshot_20260712_212315_WH 40K.jpg","MANTICORE","unit","AM","000000698","Manticore","368","2784","outside context AC"
"Screenshot_20260712_212318_WH 40K.jpg","TEMPESTU...","unit","AM","000002746","Tempestus Scions","368","2784","outside context AC"
"Screenshot_20260712_212321_WH 40K.jpg","MINISTORUM PRIEST","unit","AM","000001394","Ministorum Priest","368","2784","outside context AC"
"Screenshot_20260712_212324_WH 40K.jpg","NORK DEDDOG","unit","AM","000000725","Nork Deddog","368","2784","outside context AC"
"Screenshot_20260712_212328_WH 40K.jpg","BODYGUARD","unit","AM","000001398","Ogryn Bodyguard","368","2784","fuzzy2 rel=0"
"Screenshot_20260712_212332_WH 40K.jpg","OGRYN SQUAD","unit","AM","000000722","Ogryn Squad","368","2784","outside context AC"
"Screenshot_20260712_212335_WH 40K.jpg","PSYKER","unit","AM","000000889","Primaris Psyker","368","2784","fuzzy2 rel=0"
"Screenshot_20260712_212338_WH 40K.jpg","RATLINES","unit","AM","000000724","Ratlings","368","1088","fuzzy2 rel=0.12"
"Screenshot_20260712_212341_WH 40K.jpg","ROGAL DORN BATTLE","unit","AM","000002617","Rogal Dorn Battle Tank","368","2784","outside context AC"
"Screenshot_20260712_212344_WH 40K.jpg","ROGAL DORN COMM""...","unit","AM","000003892","Rogal Dorn Commander","368","2784","outside context AC"
"Screenshot_20260712_212348_WH 40K.jpg","SCOUT SENTINELS","unit","AM","000000690","Scout Sentinels","368","2784","outside context AC"
"Screenshot_20260712_212400_WH 40K.jpg","sunwswon","unit","AM","000000707","Shadowsword","368","2784","vision"
"Screenshot_20260712_212403_WH 40K.jpg","SLY MARBO","unit","AM","000001406","Sly Marbo","368","2784","outside context AC"
"Screenshot_20260712_212406_WH 40K.jpg","STORMLORD","unit","AM","000000708","Stormlord","368","2784","outside context AC"
"Screenshot_20260712_212410_WH 40K.jpg","STORMSWORD","unit","AM","000000709","Stormsword","368","2784","outside context AC"
"Screenshot_20260712_212412_WH 40K.jpg","","unit","AM","000000693","Taurox","368","2784","vision"
"Screenshot_20260712_212415_WH 40K.jpg","PRIME","unit","AM","000000721","Taurox Prime","368","2784","fuzzy2 rel=0"
"Screenshot_20260712_212419_WH 40K.jpg","TECH-PRIEST ENGINSEER","unit","AdM","000000840","Tech-priest Enginseer","368","2784","outside context AC"
"Screenshot_20260712_212422_WH 40K.jpg","TEMPESTUS Q","unit","AM","000002746","Tempestus Scions","368","1088","fuzzy rel=0"
"Screenshot_20260712_212425_WH 40K.jpg","TEMPESTUS SCIONS","unit","AM","000002746","Tempestus Scions","368","2784","outside context AC"
"Screenshot_20260712_212428_WH 40K.jpg","URSULA CREED","unit","AM","000002606","Ursula Creed","368","2784","outside context AC"
"Screenshot_20260712_212431_WH 40K.jpg","VALKYRIE","unit","AM","000000727","Valkyrie","368","2784","outside context AC"
"Screenshot_20260712_212434_WH 40K.jpg","WYVERN","unit","AM","000000697","Wyvern","368","2784","outside context AC"
"Screenshot_20260712_212452_WH 40K.jpg","ODEX SUPPLEMENT:","cover","SM","","Black Templars","368","960","vision"
"Screenshot_20260712_212459_WH 40K.jpg","ASTELLAN","unit","SM","000002793","Castellan","368","2784","vision"
"Screenshot_20260712_212501_WH 40K.jpg","HAPLAIN GRIMALDUS","unit","SM","000002792","Chaplain Grimaldus","368","2784","fuzzy rel=0"
"Screenshot_20260712_212504_WH 40K.jpg","RUSADE ANCIENT","unit","SM","000001182","Ancient on Bike","368","2784","fuzzy rel=0"
"Screenshot_20260712_212508_WH 40K.jpg","RUSADER SQUAD","unit","SM","000000116","Bike Squad","368","2784","fuzzy rel=0"
"Screenshot_20260712_212511_WH 40K.jpg","EMPEROR'S CHAMPION Q","unit","SM","000002795","Emperor’s Champion","368","2784","outside context AC"
"Screenshot_20260712_212514_WH 40K.jpg","EXECRATOR","unit","SM","000004135","Execrator","368","2784","outside context AC"
"Screenshot_20260712_212519_WH 40K.jpg","GLADIATOR LANCER","unit","SM","000002787","Gladiator Lancer","368","2784","outside context AC"
"Screenshot_20260712_212522_WH 40K.jpg","GLADIATOR REAPER","unit","SM","000002789","Gladiator Reaper","368","2784","outside context AC"
"Screenshot_20260712_212525_WH 40K.jpg","GLADIATOR VALIANT","unit","SM","000002788","Gladiator Valiant","368","2784","outside context AC"
"Screenshot_20260712_212534_WH 40K.jpg","HIGH MARSHAL HELBRE... Q","unit","SM","000002794","High Marshal Helbrecht","368","2784","fuzzy rel=0"
"Screenshot_20260712_212537_WH 40K.jpg","IMPULSOR","unit","SM","000002786","Impulsor","368","2784","outside context AC"
"Screenshot_20260712_212540_WH 40K.jpg","LAND RAIDER CRUSADER","unit","GK","000000392","Land Raider Crusader","368","2784","outside context AC"
"Screenshot_20260712_212543_WH 40K.jpg","MARSHAL","unit","SM","000002796","Marshal","368","2784","outside context AC"
"Screenshot_20260712_212547_WH 40K.jpg","REPULSOR","unit","SM","000002791","Repulsor","368","2784","outside context AC"
"Screenshot_20260712_212550_WH 40K.jpg","REPULSOR EXECUTIONER","unit","SM","000002790","Repulsor Executioner","368","2784","outside context AC"
"Screenshot_20260712_212553_WH 40K.jpg","VETERAN Q","unit","AoI","000003823","Veteran Bike Squad","368","2784","fuzzy rel=0"
"Screenshot_20260712_212556_WH 40K.jpg","SWORD BRETHREN SQUAD Q","unit","SM","000002798","Sword Brethren Squad","368","2784","outside context AC"
"Screenshot_20260712_212558_WH 40K.jpg","TERMINATOR SQUAD","unit","SM","000004138","Terminator Squad","368","2784","outside context AC"
"Screenshot_20260712_212611_WH 40K.jpg","ODEX SUPPLEMENT: Q","cover","SM","","Blood Angels","720","880","vision"
"Screenshot_20260712_212643_WH 40K.jpg","ASTORATH","unit","SM","000000157","Astorath","368","2784","outside context AC"
"Screenshot_20260712_212646_WH 40K.jpg","PREDATOR","unit","SM","000002715","Predator Destructor","368","2784","outside context AC"
"Screenshot_20260712_212648_WH 40K.jpg","BLOOD ANGELS CAPTAIN","unit","SM","000003831","Blood Angels Captain","368","2784","outside context AC"
"Screenshot_20260712_212650_WH 40K.jpg","HIEF LIBRARIAN MP...","unit","SM","000002266","Librarian","368","2784","fuzzy rel=0"
"Screenshot_20260712_212657_WH 40K.jpg","OMMANDER DANTE","unit","SM","000000151","Commander Dante","368","2784","fuzzy rel=0.07"
"Screenshot_20260712_212703_WH 40K.jpg","DEATH COMPANY CAPT...","unit","SM","000003832","Death Company Captain","368","2784","outside context AC"
"Screenshot_20260712_212722_WH 40K.jpg","DEATH COMPANY CAPT...","unit","SM","000003832","Death Company Captain","368","2784","outside context AC"
"Screenshot_20260712_212755_WH 40K.jpg","DEATH COMPANY DRU...","cover","DG","","","368","2784",""
"Screenshot_20260712_212759_WH 40K.jpg","DEATH COMPANY MARI... Q","cover","DG","","","368","2784",""
"Screenshot_20260712_212802_WH 40K.jpg","DEATH COMPANY MARI... Q","cover","DG","","","368","2784",""
"Screenshot_20260712_212807_WH 40K.jpg","DEATH COMPANY MARI... Q","cover","DG","","","368","2784",""
"Screenshot_20260712_212810_WH 40K.jpg","LEMARTES","unit","SM","000000164","Lemartes","368","2784","outside context DG"
"Screenshot_20260712_212813_WH 40K.jpg","SANGUINARY GUARD","unit","SM","000000165","Sanguinary Guard","368","2784","outside context DG"
"Screenshot_20260712_212817_WH 40K.jpg","SANGUINARY PRIEST","unit","SM","000000158","Sanguinary Priest","368","2784","outside context DG"
"Screenshot_20260712_212820_WH 40K.jpg","THE SANGUINOR","unit","SM","000000156","The Sanguinor","368","2784","outside context DG"
"Screenshot_20260712_213110_WH 40K.jpg","HAOS DAEMONS Q","cover","CD","","","368","736",""
"Screenshot_20260712_213114_WH 40K.jpg","BEASTS OF NURGLE","unit","CD","000001134","Beasts Of Nurgle","368","1088",""
"Screenshot_20260712_213116_WH 40K.jpg","BE'LAKOR","unit","CD","000001148","Be’lakor","368","1088",""
"Screenshot_20260712_213118_WH 40K.jpg","BLOODCRUSHERS","unit","CD","000001115","Bloodcrushers","368","1088",""
"Screenshot_20260712_213122_WH 40K.jpg","BLOODLETTERS","unit","CD","000001114","Bloodletters","368","1088",""
"Screenshot_20260712_213125_WH 40K.jpg","BLOODMASTER","unit","CD","000001455","Bloodmaster","368","1088",""
"Screenshot_20260712_213128_WH 40K.jpg","BLOODTHIRSTER","unit","CD","000002582","Bloodthirster","368","1088",""
"Screenshot_20260712_213130_WH 40K.jpg","BLUE nnons","unit","CD","000002583","Blue Horrors","368","1088","vision"
"Screenshot_20260712_213133_WH 40K.jpg","BURNING cHAR10T","unit","CD","000001128","Burning Chariot","368","1088","fuzzy rel=0.13"
"Screenshot_20260712_213138_WH 40K.jpg","HANGECASTER","unit","CD","000001462","Changecaster","368","1088","fuzzy rel=0.08"
"Screenshot_20260712_213140_WH 40K.jpg","ONTORTED EPITOME","unit","CD","000001647","Contorted Epitome","368","1088","fuzzy rel=0.06"
"Screenshot_20260712_213143_WH 40K.jpg","DAEMONETTES","unit","CD","000001142","Daemonettes","368","1088",""
"Screenshot_20260712_213145_WH 40K.jpg","DAEMON PRINCE OF CH... Q","cover","CD","","","368","1088",""
"Screenshot_20260712_213151_WH 40K.jpg","DAEMON PRINCE OF CH... Q","cover","CD","","","368","1088",""
"Screenshot_20260712_213203_WH 40K.jpg","EPIDEMIUS","unit","CD","000001129","Epidemius","368","1088",""
"Screenshot_20260712_213206_WH 40K.jpg","FLAMER","unit","CD","000001125","Flamers","368","1088",""
"Screenshot_20260712_213209_WH 40K.jpg","FATESKIMMER","unit","CD","000001463","Fateskimmer","368","1088",""
"Screenshot_20260712_213212_WH 40K.jpg","FECULENT GNARLMAW Q","unit","CD","000001470","Feculent Gnarlmaw","368","1088",""
"Screenshot_20260712_213214_WH 40K.jpg","FIENDS","unit","CD","000001143","Fiends","368","1088",""
"Screenshot_20260712_213216_WH 40K.jpg","FLAMERS","unit","CD","000001125","Flamers","368","1088",""
"Screenshot_20260712_213220_WH 40K.jpg","FLESH HOUNDS","unit","CD","000001112","Flesh Hounds","368","1088",""
"Screenshot_20260712_213223_WH 40K.jpg","FLUKMASTER","unit","CD","000001464","Fluxmaster","368","1088","fuzzy2 rel=0.1"
"Screenshot_20260712_213225_WH 40K.jpg","GREAT UNCLEAN ONE","unit","CD","000001130","Great Unclean One","368","1088",""
"Screenshot_20260712_213228_WH 40K.jpg","HELLFLAYERS","unit","CD","000001144","Hellflayers","368","1088",""
"Screenshot_20260712_213231_WH 40K.jpg","HORTICULOUS SLIMUK","unit","CD","000001466","Horticulous Slimux","368","1088","fuzzy rel=0.06"
"Screenshot_20260712_213234_WH 40K.jpg","INFERNAL Q","unit","CD","000001589","Infernal Enrapturess","368","1088","fuzzy rel=0"
"Screenshot_20260712_213236_WH 40K.jpg","KAIROS FATEWEAVER","unit","CD","000001117","Kairos Fateweaver","368","1088",""
"Screenshot_20260712_213240_WH 40K.jpg","KARANAK","unit","CD","000004102","Karanak","368","1088",""
"Screenshot_20260712_213242_WH 40K.jpg","KEEPER OF SECRETS","unit","CD","000001137","Keeper Of Secrets","368","1088",""
"Screenshot_20260712_213244_WH 40K.jpg","LORD OF CHANGE","unit","CD","000001120","Lord of Change","368","1088",""
"Screenshot_20260712_213246_WH 40K.jpg","NURGLINGS","unit","CD","000001133","Nurglings","368","1088",""
"Screenshot_20260712_213249_WH 40K.jpg","PINK HORRORS","unit","CD","000002584","Pink Horrors","368","1280",""
"Screenshot_20260712_213252_WH 40K.jpg","PLAGUEBEARERS","unit","CD","000001132","Plaguebearers","368","1088",""
"Screenshot_20260712_213254_WH 40K.jpg","PLAGUE DRONES","unit","CD","000001135","Plague Drones","368","1088",""
"Screenshot_20260712_213256_WH 40K.jpg","POKBRINGER","unit","CD","000001467","Poxbringer","368","1088","fuzzy2 rel=0.1"
"Screenshot_20260712_213300_WH 40K.jpg","ON BLOO... Q","unit","CD","000001111","Rendmaster On Blood Throne","368","1088","vision"
"Screenshot_20260712_213306_WH 40K.jpg","ROTIGUS","unit","CD","000001465","Rotigus","368","1088",""
"Screenshot_20260712_213308_WH 40K.jpg","SCREAMERS","unit","CD","000001127","Screamers","368","1088",""
"Screenshot_20260712_213311_WH 40K.jpg","SEEKERS","unit","CD","000001145","Seekers","368","1088",""
"Screenshot_20260712_213312_WH 40K.jpg","","unit","CD","000001648","Shalaxi Helbane","368","1088","vision"
"Screenshot_20260712_213315_WH 40K.jpg","SKARBRAND","unit","CD","000001105","Skarbrand","368","1088",""
"Screenshot_20260712_213317_WH 40K.jpg","SKULL ALTAR","unit","CD","000001588","Skull Altar","368","1088",""
"Screenshot_20260712_213322_WH 40K.jpg","SKULL CANNON","unit","CD","000001116","Skull Cannon","368","1088",""
"Screenshot_20260712_213325_WH 40K.jpg","SKULLMASTER","unit","CD","000001456","Skullmaster","368","1088",""
"Screenshot_20260712_213327_WH 40K.jpg","SKULLTAKER","unit","CD","000001106","Skulltaker","368","1088",""
"Screenshot_20260712_213330_WH 40K.jpg","BILEPIPER","unit","CD","000001468","Sloppity Bilepiper","368","1088","fuzzy2 rel=0"
"Screenshot_20260712_213332_WH 40K.jpg","SOUL GRINDER","unit","CD","000001151","Soul Grinder","368","1088",""
"Screenshot_20260712_213334_WH 40K.jpg","SPOILPOK SCRIVENER","unit","CD","000001469","Spoilpox Scrivener","368","1088","fuzzy rel=0.06"
"Screenshot_20260712_213337_WH 40K.jpg","","unit","CD","000001649","Syll’esske","368","1088","vision"
"Screenshot_20260712_213339_WH 40K.jpg","THE BLUE SCRIBES","unit","CD","000001119","The Blue Scribes","368","1088",""
"Screenshot_20260712_213345_WH 40K.jpg","THE CHANGELING","unit","CD","000001118","The Changeling","368","1088",""
"Screenshot_20260712_213347_WH 40K.jpg","THE MASQUE OF SLAIN... Q","unit","CD","000001136","The Masque Of Slaanesh","368","1088","fuzzy rel=0.05"
"Screenshot_20260712_213350_WH 40K.jpg","TORMENTBRINGER","unit","CD","000004100","Tormentbringer","368","1088",""
"Screenshot_20260712_213353_WH 40K.jpg","TRANCEWEAVER","unit","CD","000001138","Tranceweaver","368","1088",""
"Screenshot_20260712_213414_WH 40K.jpg","ODEX: cuos KNIGHTS Q","cover","ORK","","","368","944","fuzzy"
"Screenshot_20260712_213417_WH 40K.jpg","KNIGHT","unit","QI","000000856","Knight Errant","368","2784","outside context CD"
"Screenshot_20260712_213419_WH 40K.jpg","KNIGHT DESECRATOR","unit","QT","000001660","Knight Desecrator","368","2784","outside context CD"
"Screenshot_20260712_213421_WH 40K.jpg","KNIGHT DESPOILER","unit","QT","000001658","Knight Despoiler","368","2784","outside context CD"
"Screenshot_20260712_213424_WH 40K.jpg","KNIGHT","unit","QI","000000856","Knight Errant","368","2784","outside context CD"
"Screenshot_20260712_213428_WH 40K.jpg","KNIGHT","unit","QI","000000856","Knight Errant","368","2784","outside context CD"
"Screenshot_20260712_213429_WH 40K.jpg","KNIGHT","unit","QI","000000856","Knight Errant","368","2784","outside context CD"
"Screenshot_20260712_213431_WH 40K.jpg","wn BRIGAND","unit","QT","000002565","War Dog Brigand","368","2784","fuzzy2 rel=0.2"
"Screenshot_20260712_213435_WH 40K.jpg","","unit","QT","000002562","War Dog Executioner","368","2784","vision"
"Screenshot_20260712_213438_WH 40K.jpg","wn HUNTSMAN","unit","QT","000002566","War Dog Huntsman","368","2784","fuzzy rel=0"
"Screenshot_20260712_213440_WH 40K.jpg","wn KARNIVORE","unit","QT","000002564","War Dog Karnivore","368","2784","fuzzy2 rel=0.17"
"Screenshot_20260712_213442_WH 40K.jpg","wn STALKER","unit","NEC","000000540","Triarch Stalker","368","2784","fuzzy rel=0"
"Screenshot_20260712_213450_WH 40K.jpg","ODEX: cuos SPACE Q","cover","CSM","","","368","864","fuzzy"
"Screenshot_20260712_213457_WH 40K.jpg","THE DESPOILER Q","unit","QT","000001658","Knight Despoiler","368","2784","fuzzy rel=0"
"Screenshot_20260712_213458_WH 40K.jpg","ACCURSED CULTISTS","unit","CD","000004052","Accursed Cultists","368","2784",""
"Screenshot_20260712_213502_WH 40K.jpg","HAOS BIKERS","cover","CD","","","368","2784",""
"Screenshot_20260712_213505_WH 40K.jpg","uos LAND RAIDER","unit","CSM","000003610","Land Raider Achilles","368","2784","csm sweep"
"Screenshot_20260712_213507_WH 40K.jpg","HAOS LORD","unit","CSM","000000929","Chaos Lord","368","2784","vision"
"Screenshot_20260712_213509_WH 40K.jpg","uos LORD IN TERMI... Q","unit","CSM","000000930","Chaos Lord In Terminator Armour","368","2784","vision"
"Screenshot_20260712_213512_WH 40K.jpg","uos LORD JU...","unit","CSM","000000932","Chaos Lord On Juggernaut","368","2784","vision"
"Screenshot_20260712_213515_WH 40K.jpg","uos PREDATOR ANNI... Q","unit","SM","000002714","Predator Annihilator","368","2784","vision"
"Screenshot_20260712_213517_WH 40K.jpg","uos PREDATOR DEST... Q","unit","SM","000002715","Predator Destructor","368","2784","vision"
"Screenshot_20260712_213519_WH 40K.jpg","HAOS RHINO","cover","CD","","","368","2784",""
"Screenshot_20260712_213523_WH 40K.jpg","HAOS SPAWN","cover","CD","","","368","2784",""
"Screenshot_20260712_213526_WH 40K.jpg","uos TERMINATOR SO... Q","unit","SM","000001183","Terminator Squad","368","2784","fuzzy rel=0.08"
"Screenshot_20260712_213528_WH 40K.jpg","uos VINDICATOR","unit","SM","000001178","Vindicator Laser Destroyer","368","2784","fuzzy rel=0"
"Screenshot_20260712_213530_WH 40K.jpg","HOSEN","unit","CD","000004044","Chosen","368","2784","fuzzy rel=0.17"
"Screenshot_20260712_213536_WH 40K.jpg","ULTIST FIREBRAND","unit","CD","000004045","Cultist Firebrand","368","2784","fuzzy rel=0"
"Screenshot_20260712_213539_WH 40K.jpg","ULTIST MOB","unit","CD","000004050","Cultist Mob","368","2784","fuzzy rel=0.09"
"Screenshot_20260712_213541_WH 40K.jpg","YPHER","unit","CSM","000000926","Cypher","368","2784","fuzzy rel=0.17"
"Screenshot_20260712_213543_WH 40K.jpg","DARK APOSTLE","unit","CD","000004062","Dark Apostle","368","2784",""
"Screenshot_20260712_213545_WH 40K.jpg","DARK COMMUNE","unit","CD","000004046","Dark Commune","368","2784",""
"Screenshot_20260712_213548_WH 40K.jpg","","unit","CSM","000000969","Defiler","368","2784","vision"
"Screenshot_20260712_213551_WH 40K.jpg","FABIUS BILE","unit","CSM","000000928","Fabius Bile","368","2784","outside context CD"
"Screenshot_20260712_213553_WH 40K.jpg","FELLGOR","unit","CD","000004053","Fellgor Beastmen","368","2784",""
"Screenshot_20260712_213555_WH 40K.jpg","FORGEFIEND","unit","WE","000002638","Forgefiend","368","2784","outside context CD"
"Screenshot_20260712_213557_WH 40K.jpg","WORLDCLAIM... Q","unit","CSM","000001556","Haarken Worldclaimer","368","2784","fuzzy rel=0"
"Screenshot_20260712_213617_WH 40K.jpg","HAVOCS","unit","CD","000004063","Havocs","368","2784",""
"Screenshot_20260712_213623_WH 40K.jpg","HELBRUTE","unit","WE","000002632","Helbrute","368","2784","outside context CD"
"Screenshot_20260712_213625_WH 40K.jpg","","unit","CSM","000000961","Heldrake","368","2784","vision"
"Screenshot_20260712_213628_WH 40K.jpg","HERETIC DIE... Q","unit","CSM","000000937","Heretic Astartes Daemon Prince","368","2784","fuzzy rel=0.27"
"Screenshot_20260712_213631_WH 40K.jpg","HERETIC DIE... Q","unit","CSM","000000937","Heretic Astartes Daemon Prince","368","2784","fuzzy rel=0.27"
"Screenshot_20260712_213632_WH 40K.jpg","HURON BLACKHEART","unit","CSM","000000925","Huron Blackheart","368","2784","outside context CD"
"Screenshot_20260712_213634_WH 40K.jpg","KHORNE LORD OF SKULLS Q","unit","WE","000002642","Khorne Lord of Skulls","368","2784","outside context CD"
"Screenshot_20260712_213636_WH 40K.jpg","KRAVEK MORNE","unit","CSM","000004205","Kravek Morne","368","2784","outside context CD"
"Screenshot_20260712_213639_WH 40K.jpg","LEGIONARIES","unit","CD","000004064","Legionaries","368","2784",""
"Screenshot_20260712_213640_WH 40K.jpg","LORD DISCORDANT ON Q","unit","NEC","000000524","Lord","368","2784","outside context CD"
"Screenshot_20260712_213648_WH 40K.jpg","MASTER OF EXECUTIONS Q","unit","WE","000002626","Master of Executions","368","2784","outside context CD"
"Screenshot_20260712_213650_WH 40K.jpg","MASTER OF POSSESSION","unit","CD","000004065","Master Of Possession","368","2784",""
"Screenshot_20260712_213653_WH 40K.jpg","MASTERS OF THE MAEL... Q","unit","CSM","000004190","Masters of the Maelstrom","368","2784","fuzzy rel=0"
"Screenshot_20260712_213656_WH 40K.jpg","MAULERFIEND","unit","CSM","000000968","Maulerfiend","368","2784","outside context CD"
"Screenshot_20260712_213658_WH 40K.jpg","MUTILATORS","unit","CSM","000004206","Mutilators","368","2784","outside context CD"
"Screenshot_20260712_213700_WH 40K.jpg","NEMESIS CLAW","unit","CSM","000003876","Nemesis Claw","368","1088","outside context CD"
"Screenshot_20260712_213702_WH 40K.jpg","NOCTILITH now","unit","CSM","000001587","Noctilith Crown","368","2784","fuzzy rel=0.2"
"Screenshot_20260712_213704_WH 40K.jpg","OBLITERATORS","unit","CSM","000000965","Obliterators","368","2784","outside context CD"
"Screenshot_20260712_213706_WH 40K.jpg","POSSESSED","unit","CD","000004066","Possessed","368","2784",""
"Screenshot_20260712_213709_WH 40K.jpg","RAPTORS","unit","CD","000004067","Raptors","368","2784",""
"Screenshot_20260712_213711_WH 40K.jpg","RED CORSAIRS RAIDERS","unit","CSM","000004191","Red Corsairs Raiders","368","2784","outside context CD"
"Screenshot_20260712_213713_WH 40K.jpg","RED CORSAIRS REAVE-... Q","unit","CSM","000004192","Red Corsairs Reave-Captain","368","2784","fuzzy rel=0"
"Screenshot_20260712_213715_WH 40K.jpg","SORCERER","unit","CD","000004068","Sorcerer","368","2784",""
"Screenshot_20260712_213718_WH 40K.jpg","SORCERER IN TERMINI...","unit","CD","000004068","Sorcerer","368","2784",""
"Screenshot_20260712_213720_WH 40K.jpg","TRAITOR ENFORCER","unit","CD","000004047","Traitor Enforcer","368","2784",""
"Screenshot_20260712_213722_WH 40K.jpg","TRAITOR GUARDSMEN Q","unit","CD","000004054","Traitor Guardsmen Squad","368","2784","fuzzy rel=0"
"Screenshot_20260712_213725_WH 40K.jpg","VASHTORR Q","unit","CSM","000002679","Vashtorr The Arkifane","368","2784","fuzzy rel=0"
"Screenshot_20260712_213727_WH 40K.jpg","VENOMCRAWLER","unit","CSM","000001586","Venomcrawler","368","2784","outside context CD"
"Screenshot_20260712_213729_WH 40K.jpg","WARPSMITH","unit","CSM","000000944","Warpsmith","368","2784","outside context CD"
"Screenshot_20260712_213732_WH 40K.jpg","wnp TALONS","unit","SM","000003874","Talonstrike Kill Team","368","2784","fuzzy rel=0"
"Screenshot_20260712_213752_WH 40K.jpg","IMPERIAL ARMOUR.","cover","AoI","","","368","928",""
"Screenshot_20260712_213821_WH 40K.jpg","ODEX SUPPLEMENT: Q","cover","SM","","Dark Angels","368","928","vision"
"Screenshot_20260712_213830_WH 40K.jpg","ASMODAI","unit","SM","000000225","Asmodai","368","2784","outside context AoI"
"Screenshot_20260712_213832_WH 40K.jpg","","unit","SM","000000218","Azrael","368","2784","vision"
"Screenshot_20260712_213834_WH 40K.jpg","BELIAL","unit","SM","000000219","Belial","368","2784","outside context AoI"
"Screenshot_20260712_213836_WH 40K.jpg","DEATHWING KNIGHTS","unit","SM","000000231","Deathwing Knights","368","2784","outside context AoI"
"Screenshot_20260712_213839_WH 40K.jpg","TERMINAT...","unit","SM","000004138","Terminator Squad","368","2784","outside context AoI"
"Screenshot_20260712_213842_WH 40K.jpg","","unit","SM","000000226","Ezekiel","368","2784","vision"
"Screenshot_20260712_213844_WH 40K.jpg","INNER CIRCLE COMP""...","unit","SM","000003698","Inner Circle Companions","368","2784","outside context AoI"
"Screenshot_20260712_213845_WH 40K.jpg","LAZARUS","unit","SM","000002296","Lazarus","368","2784","outside context AoI"
"Screenshot_20260712_213847_WH 40K.jpg","LAND SPEEDER VENG""...","unit","SM","000000242","Land Speeder Vengeance","368","2784","outside context AoI"
"Screenshot_20260712_213851_WH 40K.jpg","LION EL'JONSON","unit","SM","000002682","Lion El’jonson","368","2784","outside context AoI"
"Screenshot_20260712_213854_WH 40K.jpg","NEPHILIM JETFIGHTER","unit","SM","000000239","Nephilim Jetfighter","368","2784","outside context AoI"
"Screenshot_20260712_213857_WH 40K.jpg","RAVENWING BLACK Q","unit","SM","000000241","Ravenwing Black Knights","368","2784","fuzzy rel=0"
"Screenshot_20260712_213859_WH 40K.jpg","RAVENWING BLACK Q","unit","SM","000000241","Ravenwing Black Knights","368","2784","fuzzy rel=0"
"Screenshot_20260712_213902_WH 40K.jpg","RAVENWING DARKSHRO...","unit","SM","000000238","Ravenwing Darkshroud","368","2784","outside context AoI"
"Screenshot_20260712_213925_WH 40K.jpg","RAVENWING DARK TALON","unit","SM","000000240","Ravenwing Dark Talon","368","2784","outside context AoI"
"Screenshot_20260712_213928_WH 40K.jpg","SAMMAEL","unit","SM","000002291","Sammael","368","2784","outside context AoI"
"Screenshot_20260712_214023_WH 40K.jpg","ODEX: DEATH GUARD","cover","DG","","","368","848","fuzzy"
"Screenshot_20260712_214027_WH 40K.jpg","BEASTS OF NURGLE","unit","DG","000004115","Beasts of Nurgle","368","2784","outside context AoI"
"Screenshot_20260712_214029_WH 40K.jpg","BIOLOGUS","unit","DG","000001368","Biologus Putrifier","368","2784","outside context AoI"
"Screenshot_20260712_214031_WH 40K.jpg","TERMINAT...","unit","SM","000004138","Terminator Squad","368","2784","outside context AoI"
"Screenshot_20260712_214033_WH 40K.jpg","uos LAND RAIDER","unit","SM","000000065","Land Raider","368","2784","fuzzy rel=0"
"Screenshot_20260712_214036_WH 40K.jpg","uos PREDATOR ANNI... Q","unit","SM","000002714","Predator Annihilator","368","2784","fuzzy rel=0"
"Screenshot_20260712_214039_WH 40K.jpg","uos PREDATOR DEST... Q","unit","SM","000002715","Predator Destructor","368","2784","fuzzy rel=0"
"Screenshot_20260712_214043_WH 40K.jpg","HAOS RHINO","cover","CD","","","368","2784",""
"Screenshot_20260712_214045_WH 40K.jpg","HAOS SPAWN","cover","CD","","","368","2784",""
"Screenshot_20260712_214048_WH 40K.jpg","DAEMON PRINCE OF Q","cover","CD","","","368","2784",""
"Screenshot_20260712_214050_WH 40K.jpg","DAEMON PRINCE OF","unit","CD","000001149","Daemon Prince of Chaos","368","2784",""
"Screenshot_20260712_214053_WH 40K.jpg","TERMIN...","unit","SM","000001184","Terminus Ultra","368","2784","outside context CD"
"Screenshot_20260712_214055_WH 40K.jpg","","unit","EC","000004208","Defiler","368","2784","vision"
"Screenshot_20260712_214057_WH 40K.jpg","FOETID BLOAT-DRONE","unit","DG","000001057","Foetid Bloat-drone","368","2784","outside context CD"
"Screenshot_20260712_214100_WH 40K.jpg","FOETID BLOAT-DRONE","unit","DG","000001057","Foetid Bloat-drone","368","2784","outside context CD"
"Screenshot_20260712_214103_WH 40K.jpg","FOUL BLIGHTSPAWN","unit","DG","000001367","Foul Blightspawn","368","2784","outside context CD"
"Screenshot_20260712_214122_WH 40K.jpg","GREAT UNCLEAN ONE","unit","CD","000001130","Great Unclean One","368","2784",""
"Screenshot_20260712_214124_WH 40K.jpg","HELBRUTE","unit","WE","000002632","Helbrute","368","2784","outside context CD"
"Screenshot_20260712_214127_WH 40K.jpg","ICON BEARER","unit","DG","000002750","Icon Bearer","368","2784","outside context CD"
"Screenshot_20260712_214129_WH 40K.jpg","LORD OF CONTAGION","unit","DG","000001054","Lord of Contagion","368","2784","outside context CD"
"Screenshot_20260712_214132_WH 40K.jpg","LORD OF POKES","unit","NEC","000000524","Lord","368","2784","outside context CD"
"Screenshot_20260712_214134_WH 40K.jpg","LORD OF VIRULENCE","unit","DG","000002460","Lord of Virulence","368","2784","outside context CD"
"Screenshot_20260712_214138_WH 40K.jpg","MALIGNANT PLAGUE""... Q","unit","DG","000001044","Plague Marines","368","2784","fuzzy rel=0"
"Screenshot_20260712_214142_WH 40K.jpg","MIASMIC","unit","DG","000002462","Miasmic Malignifier","368","2784","outside context CD"
"Screenshot_20260712_214147_WH 40K.jpg","MORTARION","unit","DG","000001377","Mortarion","368","2784","outside context CD"
"Screenshot_20260712_214151_WH 40K.jpg","MWHITIC BLIGHT-HAU...","unit","DG","000001374","Myphitic Blight-hauler","368","2784","fuzzy rel=0.17"
"Screenshot_20260712_214153_WH 40K.jpg","NOXIOUS Q","unit","DG","000001058","Noxious Blightbringer","368","2784","fuzzy rel=0"
"Screenshot_20260712_214156_WH 40K.jpg","NURGLINGS","unit","CD","000001133","Nurglings","368","2784",""
"Screenshot_20260712_214158_WH 40K.jpg","PLAGUEBEARERS","unit","CD","000001132","Plaguebearers","368","2784",""
"Screenshot_20260712_214200_WH 40K.jpg","PLAGUE DRONES","unit","CD","000001135","Plague Drones","368","2784",""
"Screenshot_20260712_214202_WH 40K.jpg","RAWLER Q","unit","CSM","000001586","Venomcrawler","368","2784","fuzzy rel=0"
"Screenshot_20260712_214206_WH 40K.jpg","PLAGUE MARINES","unit","DG","000001044","Plague Marines","368","2784","outside context CD"
"Screenshot_20260712_214208_WH 40K.jpg","PLAGUE SURGEON","unit","DG","000001369","Plague Surgeon","368","2784","outside context CD"
"Screenshot_20260712_214210_WH 40K.jpg","POKWALKERS","unit","DG","000001056","Poxwalkers","368","2784","fuzzy2 rel=0.1"
"Screenshot_20260712_214213_WH 40K.jpg","ROTIGUS","unit","CD","000001465","Rotigus","368","2784",""
"Screenshot_20260712_214215_WH 40K.jpg","TALLYMAN","unit","DG","000001370","Tallyman","368","2784","outside context CD"
"Screenshot_20260712_214218_WH 40K.jpg","TYPHUS","unit","DG","000001053","Typhus","368","2784","outside context CD"
"Screenshot_20260712_214227_WH 40K.jpg","DEATHWATCH","unit","SM","000002783","Deathwatch Veterans","432","448","outside context CD"
"Screenshot_20260712_214232_WH 40K.jpg","ORVUS BLACKSTAR","unit","SM","000000358","Corvus Blackstar","368","1088","fuzzy rel=0.06"
"Screenshot_20260712_214234_WH 40K.jpg","DECIMUS KILL TEAM","unit","SM","000004175","Decimus Kill Team","368","1472","outside context CD"
"Screenshot_20260712_214236_WH 40K.jpg","DEATHWATCH TERMINI... Q","cover","SM","","","368","1088",""
"Screenshot_20260712_214238_WH 40K.jpg","DEATHWATCH VETERANS Q","unit","SM","000002783","Deathwatch Veterans","368","1088",""
"Screenshot_20260712_214241_WH 40K.jpg","FORTIS KILL TEAM","unit","SM","000002780","Fortis Kill Team","368","1088",""
"Screenshot_20260712_214244_WH 40K.jpg","","unit","SM","000002781","Indomitor Kill Team","368","1088","vision"
"Screenshot_20260712_214246_WH 40K.jpg","SPECTRUS KILL TEAM","unit","SM","000002779","Spectrus Kill Team","368","1088",""
"Screenshot_20260712_214249_WH 40K.jpg","TALONSTRIKE KILL TEAM Q","unit","SM","000003874","Talonstrike Kill Team","368","1472",""
"Screenshot_20260712_214252_WH 40K.jpg","wnrcH CAPTAIN ARTE...","unit","SM","000000073","Captain","368","1088","fuzzy rel=0"
"Screenshot_20260712_214255_WH 40K.jpg","wnrcH MASTER","unit","CD","000001455","Bloodmaster","368","1088","fuzzy rel=0"
"Screenshot_20260712_214308_WH 40K.jpg","ODEX: DRUKHARI","cover","DRU","","","384","928","fuzzy"
"Screenshot_20260712_214312_WH 40K.jpg","ARCHON","unit","DRU","000000634","Archon","368","2784","outside context SM"
"Screenshot_20260712_214313_WH 40K.jpg","RONOS","unit","DRU","000000664","Cronos","368","2784","fuzzy rel=0.17"
"Screenshot_20260712_214315_WH 40K.jpg","DRAZHAR","unit","DRU","000000643","Drazhar","368","2784","outside context SM"
"Screenshot_20260712_214317_WH 40K.jpg","HAEMONCULUS","unit","DRU","000000641","Haemonculus","368","2784","outside context SM"
"Screenshot_20260712_214320_WH 40K.jpg","HAND OF THE ARCHON","unit","DRU","000004156","Hand of the Archon","368","2784","outside context SM"
"Screenshot_20260712_214321_WH 40K.jpg","INCUBI","unit","DRU","000000648","Incubi","368","2784","outside context SM"
"Screenshot_20260712_214334_WH 40K.jpg","HELLIONS","unit","DRU","000000659","Hellions","368","2784","outside context SM"
"Screenshot_20260712_214337_WH 40K.jpg","wnmns","unit","DRU","000000644","Kabalite Warriors","368","2784","vision"
"Screenshot_20260712_214340_WH 40K.jpg","LADY","unit","DRU","000004155","Lady Malys","368","2784","outside context SM"
"Screenshot_20260712_214343_WH 40K.jpg","HESPER""","unit","DRU","000000640","Lelith Hesperax","368","2784","vision"
"Screenshot_20260712_214345_WH 40K.jpg","MANDRAKES","unit","DRU","000000649","Mandrakes","368","2784","outside context SM"
"Screenshot_20260712_214350_WH 40K.jpg","RAIDER","unit","DRU","000000656","Raider","368","2784","outside context SM"
"Screenshot_20260712_214352_WH 40K.jpg","RAVAGER","unit","DRU","000000665","Ravager","368","2784","outside context SM"
"Screenshot_20260712_214355_WH 40K.jpg","RAZORWING JETFIGHTER","unit","DRU","000000660","Razorwing Jetfighter","368","2784","outside context SM"
"Screenshot_20260712_214357_WH 40K.jpg","REAVERS","unit","DRU","000000658","Reavers","368","2784","outside context SM"
"Screenshot_20260712_214359_WH 40K.jpg","SCOURGES HEAVY... Q","unit","TAU","000000449","Heavy Gun Drones","368","2784","fuzzy rel=0"
"Screenshot_20260712_214401_WH 40K.jpg","SCOURGES WITH SUR...","unit","DRU","000004157","Scourges with Shardcarbines","368","2784","fuzzy rel=0.12"
"Screenshot_20260712_214404_WH 40K.jpg","SUCCUBUS","unit","DRU","000000639","Succubus","368","2784","outside context SM"
"Screenshot_20260712_214407_WH 40K.jpg","TALOS","unit","DRU","000000663","Talos","368","2784","outside context SM"
"Screenshot_20260712_214409_WH 40K.jpg","VENOM","unit","DRU","000000657","Venom","368","2784","outside context SM"
"Screenshot_20260712_214411_WH 40K.jpg","VOIDRAVEN BOMBER","unit","DRU","000000661","Voidraven Bomber","368","2784","outside context SM"
"Screenshot_20260712_214415_WH 40K.jpg","WRACKS","unit","DRU","000000650","Wracks","368","2784","outside context SM"
"Screenshot_20260712_214417_WH 40K.jpg","WYCHES","unit","DRU","000000646","Wyches","368","2784","outside context SM"
"Screenshot_20260712_214426_WH 40K.jpg","ODEX: EMPEROR'S CH... Q","cover","EC","","","368","928","fuzzy"
"Screenshot_20260712_214429_WH 40K.jpg","uos LAND RAIDER","unit","CSM","000003610","Land Raider Achilles","368","2784","csm sweep"
"Screenshot_20260712_214430_WH 40K.jpg","HAOS RHINO","cover","CD","","","368","2784",""
"Screenshot_20260712_214432_WH 40K.jpg","HAOS SPAWN","cover","CD","","","368","2784",""
"Screenshot_20260712_214434_WH 40K.jpg","uos TERMINATORS","unit","TS","000001035","Scarab Occult Terminators","368","2784","fuzzy rel=0"
"Screenshot_20260712_214437_WH 40K.jpg","DAEMONETTES","unit","CD","000001142","Daemonettes","368","2784",""
"Screenshot_20260712_214439_WH 40K.jpg","DAEMON PRINCE OF","unit","CD","000001149","Daemon Prince of Chaos","368","2784",""
"Screenshot_20260712_214442_WH 40K.jpg","DAEMON PRINCE OF","unit","CD","000001149","Daemon Prince of Chaos","368","2784",""
"Screenshot_20260712_214444_WH 40K.jpg","FIENDS","unit","CD","000001143","Fiends","368","2784",""
"Screenshot_20260712_214446_WH 40K.jpg","FLAWLESS BLADES","unit","EC","000004089","Flawless Blades","368","2784","outside context CD"
"Screenshot_20260712_214453_WH 40K.jpg","FULGRIM","unit","EC","000004077","Fulgrim","368","2784","outside context CD"
"Screenshot_20260712_214455_WH 40K.jpg","","unit","EC","000004092","Heldrake","368","2784","vision"
"Screenshot_20260712_214457_WH 40K.jpg","INFRACTORS","unit","EC","000004080","Infractors","368","2784","outside context CD"
"Screenshot_20260712_214459_WH 40K.jpg","KEEPER OF SECRETS","unit","CD","000001137","Keeper Of Secrets","368","2784",""
"Screenshot_20260712_214502_WH 40K.jpg","LORD","unit","CD","000001120","Lord of Change","368","2784",""
"Screenshot_20260712_214504_WH 40K.jpg","LORD KAKOPHONIST","unit","EC","000004084","Lord Kakophonist","368","2784","outside context CD"
"Screenshot_20260712_214506_WH 40K.jpg","LUCIUS THE ETERNAL","unit","EC","000004083","Lucius the Eternal","368","2784","outside context CD"
"Screenshot_20260712_214509_WH 40K.jpg","MAULERFIEND","unit","CSM","000000968","Maulerfiend","368","2784","outside context CD"
"Screenshot_20260712_214511_WH 40K.jpg","NOISE MARINES","unit","CSM","000004099","Noise Marines","368","2784","outside context CD"
"Screenshot_20260712_214513_WH 40K.jpg","SEEKERS","unit","CD","000001145","Seekers","368","2784",""
"Screenshot_20260712_214515_WH 40K.jpg","","unit","CD","000001648","Shalaxi Helbane","368","2784","vision"
"Screenshot_20260712_214518_WH 40K.jpg","","unit","EC","000004208","Defiler","368","2784","vision"
"Screenshot_20260712_214521_WH 40K.jpg","SORCERER","unit","CD","000004068","Sorcerer","368","2784",""
"Screenshot_20260712_214523_WH 40K.jpg","TORMENTORS","unit","EC","000004079","Tormentors","368","2784","outside context CD"
"Screenshot_20260712_214536_WH 40K.jpg","ODEX: GENESTEALER Q","cover","GC","","","368","912","fuzzy"
"Screenshot_20260712_214540_WH 40K.jpg","ABERRANTS","unit","GC","000000514","Aberrants","368","2784","outside context CD"
"Screenshot_20260712_214542_WH 40K.jpg","ABOMINANT","unit","GC","000001546","Abominant","368","2784","outside context CD"
"Screenshot_20260712_214544_WH 40K.jpg","ACHILLES RIDGERUNNERS Q","unit","GC","000001573","Achilles Ridgerunners","368","2784","outside context CD"
"Screenshot_20260712_214546_WH 40K.jpg","ACOLYTE WIT...","unit","GC","000000510","Acolyte Iconward","368","2784","fuzzy rel=0.27"
"Screenshot_20260712_214549_WH 40K.jpg","ACOLYTE WIT...","unit","GC","000000510","Acolyte Iconward","368","2784","fuzzy rel=0.27"
"Screenshot_20260712_214551_WH 40K.jpg","ACOLYTE Icownn","unit","GC","000000510","Acolyte Iconward","368","2784","fuzzy rel=0.21"
"Screenshot_20260712_214557_WH 40K.jpg","JACKALS","unit","GC","000001565","Jackal Alphus","368","2784","fuzzy rel=0.14"
"Screenshot_20260712_214600_WH 40K.jpg","BENEFICTUS","unit","GC","000003715","Benefictus","368","2784","outside context CD"
"Screenshot_20260712_214602_WH 40K.jpg","BIOPHAGUS","unit","GC","000001572","Biophagus","368","2784","outside context CD"
"Screenshot_20260712_214605_WH 40K.jpg","LAMAVUS","unit","GC","000001567","Clamavus","368","2784","fuzzy rel=0.12"
"Screenshot_20260712_214607_WH 40K.jpg","GOLIATH ROCKGRINDER","unit","GC","000000521","Goliath Rockgrinder","368","2784","outside context CD"
"Screenshot_20260712_214618_WH 40K.jpg","GOLIATH TRUCK","unit","GC","000000516","Goliath Truck","368","2784","outside context CD"
"Screenshot_20260712_214620_WH 40K.jpg","METAMORPHS","unit","GC","000000513","Hybrid Metamorphs","368","2784","fuzzy rel=0"
"Screenshot_20260712_214622_WH 40K.jpg","JACKAL","unit","GC","000001565","Jackal Alphus","368","2784","outside context CD"
"Screenshot_20260712_214625_WH 40K.jpg","KELERMORPH","unit","GC","000001570","Kelermorph","368","2784","outside context CD"
"Screenshot_20260712_214627_WH 40K.jpg","LOCUS","unit","GC","000001568","Locus","368","2784","outside context CD"
"Screenshot_20260712_214633_WH 40K.jpg","MAGUS","unit","GC","000000508","Magus","368","2784","outside context CD"
"Screenshot_20260712_214636_WH 40K.jpg","NEOPHYTE","unit","GC","000000512","Neophyte Hybrids","368","2784","outside context CD"
"Screenshot_20260712_214638_WH 40K.jpg","NEKOS","unit","GC","000001571","Nexos","368","2784","vision"
"Screenshot_20260712_214640_WH 40K.jpg","PATRIARCH","unit","GC","000000507","Patriarch","368","2784","outside context CD"
"Screenshot_20260712_214642_WH 40K.jpg","PRIMUS","unit","GC","000000509","Primus","368","2784","outside context CD"
"Screenshot_20260712_214645_WH 40K.jpg","GENEST""... Q","cover","GC","","","368","2784",""
"Screenshot_20260712_214646_WH 40K.jpg","REDUCTUS SABOTEUR","unit","GC","000002525","Reductus Saboteur","368","2784",""
"Screenshot_20260712_214651_WH 40K.jpg","SANCTUS","unit","GC","000001569","Sanctus","368","2784",""
"Screenshot_20260712_214702_WH 40K.jpg","ODEX: GREY KNIGHTS","cover","GK","","","368","880","fuzzy"
"Screenshot_20260712_214705_WH 40K.jpg","BROTHER-CAPTAIN","unit","GK","000000376","Brother-captain","368","2784","outside context GC"
"Screenshot_20260712_214707_WH 40K.jpg","BROTHERHOOD CHAM""... Q","unit","GK","000000379","Brotherhood Champion","368","2784","fuzzy rel=0"
"Screenshot_20260712_214708_WH 40K.jpg","BROTHERHOOD CHAPLAIN Q","unit","GK","000001362","Brotherhood Chaplain","368","2784","outside context GC"
"Screenshot_20260712_214710_WH 40K.jpg","BROTHERHOOD LIBRAN... Q","unit","GK","000001361","Brotherhood Librarian","368","2784","fuzzy rel=0.06"
"Screenshot_20260712_214713_WH 40K.jpg","BROTHERHOOD TECH""... Q","unit","GK","000000399","Brotherhood Techmarine","368","2784","fuzzy rel=0"
"Screenshot_20260712_214714_WH 40K.jpg","BROTHERHOOD TERMIN... Q","unit","GK","000000382","Brotherhood Terminator Squad","368","2784","fuzzy rel=0"
"Screenshot_20260712_214716_WH 40K.jpg","ASTELLAN CROWE","unit","GK","000000380","Castellan Crowe","368","2784","fuzzy rel=0.07"
"Screenshot_20260712_214718_WH 40K.jpg","GRAND MASTER","unit","GK","000000375","Grand Master","368","2784","outside context GC"
"Screenshot_20260712_214728_WH 40K.jpg","GRAND MASTER IN NE...","unit","GK","000001360","Grand Master In Nemesis Dreadknight","368","2784","outside context GC"
"Screenshot_20260712_214731_WH 40K.jpg","GRAND MASTER VOLDUS Q","unit","GK","000000375","Grand Master","368","2784","outside context GC"
"Screenshot_20260712_214733_WH 40K.jpg","INTERCEPTOR SQUAD","unit","GK","000000387","Interceptor Squad","368","2784","outside context GC"
"Screenshot_20260712_214734_WH 40K.jpg","LAND RAIDER","unit","SM","000000065","Land Raider","368","2784","outside context GC"
"Screenshot_20260712_214737_WH 40K.jpg","LAND RAIDER CRUSADER Q","unit","GK","000000391","Land Raider","368","2784","outside context GC"
"Screenshot_20260712_214739_WH 40K.jpg","LAND RAIDER REDEEMER","unit","GK","000000393","Land Raider Redeemer","368","2784","outside context GC"
"Screenshot_20260712_214746_WH 40K.jpg","NEMESIS","unit","CSM","000003876","Nemesis Claw","368","2784","outside context GC"
"Screenshot_20260712_214748_WH 40K.jpg","PALADIN SQUAD","unit","GK","000000384","Paladin Squad","368","2784","outside context GC"
"Screenshot_20260712_214750_WH 40K.jpg","PURGATION SQUAD","unit","GK","000000388","Purgation Squad","368","2784","outside context GC"
"Screenshot_20260712_214753_WH 40K.jpg","PURIFIER SQUAD","unit","GK","000000383","Purifier Squad","368","2784","outside context GC"
"Screenshot_20260712_214755_WH 40K.jpg","RAZORBACK","unit","GK","000000395","Razorback","368","2784","outside context GC"
"Screenshot_20260712_214757_WH 40K.jpg","RHINO","unit","GK","000000396","Rhino","368","2784","outside context GC"
"Screenshot_20260712_214759_WH 40K.jpg","STRIKE SQUAD","unit","GK","000000381","Strike Squad","368","2784","outside context GC"
"Screenshot_20260712_214801_WH 40K.jpg","STORMHAWK INTERCEP...","unit","GK","000001363","Stormhawk Interceptor","368","2784","outside context GC"
"Screenshot_20260712_214803_WH 40K.jpg","STORMRAVEN GUNSHIP","unit","GK","000000398","Stormraven Gunship","368","2784","outside context GC"
"Screenshot_20260712_214805_WH 40K.jpg","STORMTALON GUNSHIP Q","unit","GK","000001364","Stormtalon Gunship","368","2784","outside context GC"
"Screenshot_20260712_214807_WH 40K.jpg","VENERABLE DREADNOU...","unit","GK","000000400","Venerable Dreadnought","368","2784","outside context GC"
"Screenshot_20260712_214832_WH 40K.jpg","ODEX: IMPERIAL AGE...","cover","AoI","","","400","848","fuzzy"
"Screenshot_20260712_214834_WH 40K.jpg","AQUILA KILL TEAM","unit","AoI","000004174","Aquila Kill Team","384","2784","outside context GC"
"Screenshot_20260712_214836_WH 40K.jpg","ALLIDUS ASSASSIN","unit","AoI","000000873","Culexus Assassin","368","2784","fuzzy rel=0"
"Screenshot_20260712_214838_WH 40K.jpg","ORVUS BLACKSTAR","unit","AoI","000003817","Corvus Blackstar","368","2784","fuzzy rel=0.06"
"Screenshot_20260712_214840_WH 40K.jpg","ULEKUS ASSASSIN","unit","AoI","000000873","Culexus Assassin","368","2784","fuzzy rel=0"
"Screenshot_20260712_214843_WH 40K.jpg","DEATHWATCH KILL TEAM Q","unit","AoI","000003816","Deathwatch Kill Team","368","2784","outside context GC"
"Screenshot_20260712_214846_WH 40K.jpg","EVERSOR ASSASSIN","unit","AoI","000000872","Eversor Assassin","368","2784","outside context GC"
"Screenshot_20260712_214848_WH 40K.jpg","EXACTION SQUAD","unit","AoI","000002685","Exaction Squad","368","2784","outside context GC"
"Screenshot_20260712_214850_WH 40K.jpg","GREY KNIGHTS TERMIN...","unit","AoI","000003813","Grey Knights Terminator Squad","368","2784","outside context GC"
"Screenshot_20260712_214852_WH 40K.jpg","IMPERIAL NAVY BREAC...","unit","AoI","000002587","Imperial Navy Breachers","368","2784","outside context GC"
"Screenshot_20260712_214854_WH 40K.jpg","IMPERIAL RHINO","unit","AoI","000003830","Imperial Rhino","368","2784","outside context GC"
"Screenshot_20260712_214856_WH 40K.jpg","INQUISITOR","unit","AoI","000000877","Inquisitor","368","2784","outside context GC"
"Screenshot_20260712_214857_WH 40K.jpg","INQUISITOR COTEAZ","unit","AoI","000000876","Inquisitor Coteaz","368","2784","outside context GC"
"Screenshot_20260712_214900_WH 40K.jpg","INQUISITOR DRAWS","unit","AoI","000000877","Inquisitor","368","2784","outside context GC"
"Screenshot_20260712_214903_WH 40K.jpg","INQUISITOR","unit","AoI","000000877","Inquisitor","368","2784","outside context GC"
"Screenshot_20260712_214905_WH 40K.jpg","INQUISITOR KROYLE","unit","AoI","000004214","Inquisitor Kroyle","368","2784","outside context GC"
"Screenshot_20260712_214907_WH 40K.jpg","INQUISITORIAL AGENTS","unit","AoI","000002767","Inquisitorial Agents","368","2784","outside context GC"
"Screenshot_20260712_214911_WH 40K.jpg","INQUISITORIAL CHIMERA","unit","AoI","000003820","Inquisitorial Chimera","368","2784","outside context GC"
"Screenshot_20260712_214913_WH 40K.jpg","MINISTORUM PRIEST","unit","AM","000001394","Ministorum Priest","368","2784","outside context GC"
"Screenshot_20260712_214915_WH 40K.jpg","NAVIGATOR","unit","AoI","000002765","Navigator","368","2784","outside context GC"
"Screenshot_20260712_214917_WH 40K.jpg","ROGUE TRADER ENTOUR...","unit","AoI","000002762","Rogue Trader Entourage","368","2784","outside context GC"
"Screenshot_20260712_214920_WH 40K.jpg","SANCTIFIERS","unit","AoI","000004074","Sanctifiers","368","1088","outside context GC"
"Screenshot_20260712_214922_WH 40K.jpg","SISTERS OF BATTLE 1M...","unit","AoI","000003819","Sisters of Battle Immolator","368","2784","fuzzy rel=0.05"
"Screenshot_20260712_214924_WH 40K.jpg","SISTERS OF BATTLE SO...","unit","AoI","000003818","Sisters of Battle Squad","368","2784","fuzzy rel=0.05"
"Screenshot_20260712_214926_WH 40K.jpg","SUBDUCTOR SQUAD","unit","AoI","000002684","Subductor Squad","368","2784","outside context GC"
"Screenshot_20260712_214928_WH 40K.jpg","wnrcH CAPTAIN ARTE...","unit","AoI","000003814","Watch Captain Artemis","368","2784","fuzzy rel=0.11"
"Screenshot_20260712_214931_WH 40K.jpg","wnrcH MASTER","unit","CD","000001455","Bloodmaster","368","2784","fuzzy rel=0"
"Screenshot_20260712_214934_WH 40K.jpg","wnrcH MASTER","unit","CD","000001455","Bloodmaster","368","2784","fuzzy rel=0"
"Screenshot_20260712_214936_WH 40K.jpg","VIGILANT SQUAD","unit","AoI","000002683","Vigilant Squad","368","2784","outside context GC"
"Screenshot_20260712_214939_WH 40K.jpg","VINDICARE ASSASSIN","unit","AoI","000000870","Vindicare Assassin","368","2784","outside context GC"
"Screenshot_20260712_214941_WH 40K.jpg","VOIDSMEN-AT-ARMS","unit","AoI","000002509","Voidsmen-at-arms","368","2784","outside context GC"
"Screenshot_20260712_214951_WH 40K.jpg","ODEX: IMPERIAL KNIG... Q","cover","QI","","","368","928","fuzzy"
"Screenshot_20260712_214953_WH 40K.jpg","ARMIGER HELVERIN","unit","QI","000001481","Armiger Helverin","368","2784","outside context GC"
"Screenshot_20260712_214955_WH 40K.jpg","ARMIGER WARGLAIVE","unit","QI","000001482","Armiger Warglaive","368","2784","outside context GC"
"Screenshot_20260712_214957_WH 40K.jpg","ANIS REK","unit","QI","000001484","Canis Rex","368","2784","fuzzy2 rel=0.12"
"Screenshot_20260712_215000_WH 40K.jpg","SIR HEKHTUR","unit","QI","000002770","Sir Hekhtur","368","2784","outside context GC"
"Screenshot_20260712_215002_WH 40K.jpg","KNIGHT CASTELLAN","unit","QI","000001485","Knight Castellan","368","2784","outside context GC"
"Screenshot_20260712_215004_WH 40K.jpg","KNIGHT CRUSADER","unit","QI","000000859","Knight Crusader","368","2784","outside context GC"
"Screenshot_20260712_215006_WH 40K.jpg","KNIGHT DEFENDER","unit","QI","000004149","Knight Defender","368","2784","outside context GC"
"Screenshot_20260712_215008_WH 40K.jpg","KNIGHT DESTRIER","unit","QI","000004213","Knight Destrier","368","2784","outside context GC"
"Screenshot_20260712_215010_WH 40K.jpg","KNIGHT ERRANT","unit","QI","000000856","Knight Errant","368","2784","outside context GC"
"Screenshot_20260712_215012_WH 40K.jpg","KNIGHT GALLANT","unit","QI","000000858","Knight Gallant","368","2784","outside context GC"
"Screenshot_20260712_215014_WH 40K.jpg","KNIGHT PRECEPTOR","unit","QI","000001483","Knight Preceptor","368","2784","outside context GC"
"Screenshot_20260712_215025_WH 40K.jpg","KNIGHT PRECEPTOR","unit","QI","000001483","Knight Preceptor","368","2784","outside context GC"
"Screenshot_20260712_215028_WH 40K.jpg","KNIGHT VALIANT","unit","QI","000001486","Knight Valiant","368","2784","outside context GC"
"Screenshot_20260712_215031_WH 40K.jpg","WARDEN","unit","SM","000004188","Wardens of Ultramar","368","2784","outside context GC"
"Screenshot_20260712_215041_WH 40K.jpg","ODEX: LEAGUES OF VO... Q","cover","LoV","","","384","912","fuzzy"
"Screenshot_20260712_215044_WH 40K.jpg","EVALUATOR Q","unit","LoV","000004142","Arkanyst Evaluator","368","2784","fuzzy2 rel=0"
"Screenshot_20260712_215045_WH 40K.jpg","STORNBRÖW","unit","LoV","000004201","Berehk Stornbröw","368","2784","fuzzy rel=0"
"Screenshot_20260712_215047_WH 40K.jpg","IRON-MASTER Q","unit","CD","000001455","Bloodmaster","368","2784","fuzzy rel=0"
"Screenshot_20260712_215049_WH 40K.jpg","","unit","LoV","000002603","Brôkhyr Thunderkyn","368","2784","vision"
"Screenshot_20260712_215053_WH 40K.jpg","AEGNIRSSEN","unit","LoV","000004140","Buri Aegnirssen","368","2784","fuzzy2 rel=0"
"Screenshot_20260712_215054_WH 40K.jpg","THONIAN BESERKS","unit","LoV","000002600","Cthonian Beserks","368","2784","fuzzy rel=0.06"
"Screenshot_20260712_215056_WH 40K.jpg","THONIAN EARTHSHAKE... Q","unit","LoV","000004145","Cthonian Earthshakers","368","2784","fuzzy rel=0.11"
"Screenshot_20260712_215059_WH 40K.jpg","HAMPION","unit","AC","000002518","Blade Champion","368","2784","fuzzy rel=0"
"Screenshot_20260712_215101_WH 40K.jpg","","unit","LoV","000002599","Einhyr Hearthguard","368","2784","vision"
"Screenshot_20260712_215103_WH 40K.jpg","GRIMNYR","unit","LoV","000002596","Grimnyr","368","2784","outside context GC"
"Screenshot_20260712_215106_WH 40K.jpg","wnmons","unit","LoV","000002598","Hearthkyn Warriors","368","2784","vision"
"Screenshot_20260712_215108_WH 40K.jpg","HEKATON LAND FORT""...","unit","LoV","000002604","Hekaton Land Fortress","368","2784","outside context GC"
"Screenshot_20260712_215111_WH 40K.jpg","PIONEERS","unit","LoV","000002601","Hernkyn Pioneers","368","2784","fuzzy2 rel=0"
"Screenshot_20260712_215113_WH 40K.jpg","","unit","LoV","000003710","Hernkyn Yaegirs","368","2784","vision"
"Screenshot_20260712_215115_WH 40K.jpg","IRONKIN STEELJACKS","unit","LoV","000004144","Ironkin Steeljacks with Melee Weapons","368","2784","outside context GC"
"Screenshot_20260712_215117_WH 40K.jpg","IRONKIN STEELJACKS","unit","LoV","000004144","Ironkin Steeljacks with Melee Weapons","368","2784","outside context GC"
"Screenshot_20260712_215119_WH 40K.jpg","KAHL","unit","LoV","000002594","Kâhl","368","2784","outside context GC"
"Screenshot_20260712_215122_WH 40K.jpg","KAPRICUS CARRIER","unit","LoV","000004147","Kapricus Carrier","368","2784","outside context GC"
"Screenshot_20260712_215123_WH 40K.jpg","STRATEGIST","unit","LoV","000004141","Memnyr Strategist","368","2784","fuzzy2 rel=0"
"Screenshot_20260712_215127_WH 40K.jpg","KAPRICUS DEFENDERS","unit","LoV","000004146","Kapricus Defenders","368","2784","outside context GC"
"Screenshot_20260712_215130_WH 40K.jpg","SAGITAUR","unit","LoV","000002602","Sagitaur","368","2784","outside context GC"
"Screenshot_20260712_215132_WH 40K.jpg","THE DESTINED","unit","LoV","000002593","Ûthar the Destined","368","2784","fuzzy2 rel=0"
